Handle,Title,Body (HTML),Vendor,Product Category,Type,Tags,Published,Option1 Name,Option1 Value,Option2 Name,Option2 Value,Option3 Name,Option3 Value,Variant SKU,Variant Grams,Variant Inventory Tracker,Variant Inventory Qty,Variant Inventory Policy,Variant Fulfillment Service,Variant Price,Variant Compare At Price,Variant Requires Shipping,Variant Taxable,Variant Barcode,Image Src,Image Position,Image Alt Text,Gift Card,SEO Title,SEO Description,Google Shopping / Google Product Category,Google Shopping / Gender,Google Shopping / Age Group,Google Shopping / MPN,Google Shopping / Condition,Google Shopping / Custom Product,Google Shopping / Custom Label 0,Google Shopping / Custom Label 1,Google Shopping / Custom Label 2,Google Shopping / Custom Label 3,Google Shopping / Custom Label 4,Variant Image,Variant Weight Unit,Variant Tax Code,Cost per item,Included / Deutschland,Included / Europaische Union,Price / Europaische Union,Compare At Price / Europaische Union,Included / International,Price / International,Compare At Price / International,Status
wellnez-pori-fasssauna,Wellnez Pori Fasssauna,"<h2>
<span>Wellnez Pori Fasssauna</span><span><br></span>
</h2>
<p><span>Genießen Sie ein authentisches Saunaerlebnis mit unserer Wellnez Pori Fasssauna! Diese Sauna wurde in Finnland handgefertigt und bietet Platz für bis zu fünf Personen. Mit ihrer natürlichen Holzoptik fügt sie sich perfekt in jede Umgebung ein und sorgt für eine gemütliche Atmosphäre. Dank der einfachen Montage und des kompakten Designs kann die Sauna problemlos in Ihrem Garten oder auf Ihrem Grundstück aufgestellt werden. Erleben Sie die Wärme und Entspannung, die nur eine echte finnische Sauna bieten kann, direkt bei Ihnen zu Hause!</span></p>
<p> </p>
<h3><span>Entspannung pur!</span></h3>
<p><span>Unsere Wellnez Pori Fasssauna sorgt für Entspannung auf natürliche Weise. Es enthält eine Holz-Kopfstütze, eine Wiege und eine Rückenlehne, damit Sie bequem sitzen können. Auf Holzbänken sitzend können Sie die Gesellschaft von Freunden und Familie in einem Saunaraum mit weichem Licht und dem aromatischen Duft von Zeder genießen. Unsere Saunen bieten den Badenden eine authentische und entspannende Sauna-Erfahrung. Ein Handtuchhalter (im Lieferumfang enthalten) ist ein großartiger Ort, um Handtücher zum Trocknen und Abkühlen zwischen den Runden aufzubewahren.</span></p>
<p><span><img alt="""" src=""https://cdn.shopify.com/s/files/1/0730/5530/6062/files/H9a098ed53f294daw_480x480.webp?v=1682758622""></span></p>
<p> </p>
<h3><span>Traditionelles Design</span></h3>
<p><span>Unsere Pori Sauna hat ein traditionelles Design, das in seiner eleganten Einfachheit seine klassische Schönheit zeigt. Wir verwenden dafür Holzdauben mit einer Zunge-und-Nut-Verbindung, die durch Edelstahlbänder und Befestigungen zusammengehalten werden. Dadurch können sich die Holzdauben natürlich ausdehnen und zusammenziehen und eine Abdichtung bilden. Die Sauna-Einheit sitzt auf Polymer-Unterstützungen (die im Lieferumfang enthalten sind), um sie vom Boden fernzuhalten. Unsere skandinavischen Barrel-Saunen sind nicht nur schön anzusehen, sondern auch sehr energieeffizient und helfen dabei, die Wärme gleichmäßig im Inneren zu verteilen.</span></p>
<p><span><img alt="""" src=""https://cdn.shopify.com/s/files/1/0730/5530/6062/files/c3d9037406755ebc0e10_480x480.webp?v=1682758854""></span></p>
<p><span><br></span></p>",Wellnez,,"","allesaunas, außenbereich, bestseller, Fasssauna, traditionelle",true,Ofen,Ohne Ofen,,,,,"",0.0,shopify,10,deny,manual,3400.00,3699.00,true,true,"",https://cdn.shopify.com/s/files/1/0730/5530/6062/files/Screenshot2023-04-291353210000.webp?v=1682772782,1,,false,,,,,,,,,,,,,,,kg,,,true,true,,,true,,,active
wellnez-pori-fasssauna,,,,,,,,,"Ty SP Ofen (+ 1.210,00 €)",,,,,"",0.0,shopify,1,deny,manual,4610.00,4909.00,true,true,"",https://cdn.shopify.com/s/files/1/0730/5530/6062/files/Screenshot2dasd023-04-291404110000.webp?v=1682772782,2,,,,,,,,,,,,,,,,,kg,,,,,,,,,,
wellnez-turku-fasssauna,Wellnez Turku Fasssauna,"<h2>
<span>Wellnez Turku Fasssauna</span><span><br></span>
</h2>
<p><span>Genießen Sie ein authentisches Saunaerlebnis mit unserer Wellnez Pori Fasssauna! Diese Sauna wurde in Finnland handgefertigt und bietet Platz für bis zu fünf Personen. Mit ihrer natürlichen Holzoptik fügt sie sich perfekt in jede Umgebung ein und sorgt für eine gemütliche Atmosphäre. Dank der einfachen Montage und des kompakten Designs kann die Sauna problemlos in Ihrem Garten oder auf Ihrem Grundstück aufgestellt werden. Erleben Sie die Wärme und Entspannung, die nur eine echte finnische Sauna bieten kann, direkt bei Ihnen zu Hause!</span></p>
<p> </p>
<h3><span>Entspannung pur!</span></h3>
<p><span>Unsere Wellnez Pori Fasssauna sorgt für Entspannung auf natürliche Weise. Es enthält eine Holz-Kopfstütze, eine Wiege und eine Rückenlehne, damit Sie bequem sitzen können. Auf Holzbänken sitzend können Sie die Gesellschaft von Freunden und Familie in einem Saunaraum mit weichem Licht und dem aromatischen Duft von Zeder genießen. Unsere Saunen bieten den Badenden eine authentische und entspannende Sauna-Erfahrung. Ein Handtuchhalter (im Lieferumfang enthalten) ist ein großartiger Ort, um Handtücher zum Trocknen und Abkühlen zwischen den Runden aufzubewahren.</span></p>
<p> </p>
<h3><span>Traditionelles Design</span></h3>
<p><span>Unsere Pori Sauna hat ein traditionelles Design, das in seiner eleganten Einfachheit seine klassische Schönheit zeigt. Wir verwenden dafür Holzdauben mit einer Zunge-und-Nut-Verbindung, die durch Edelstahlbänder und Befestigungen zusammengehalten werden. Dadurch können sich die Holzdauben natürlich ausdehnen und zusammenziehen und eine Abdichtung bilden. Die Sauna-Einheit sitzt auf Polymer-Unterstützungen (die im Lieferumfang enthalten sind), um sie vom Boden fernzuhalten. Unsere skandinavischen Barrel-Saunen sind nicht nur schön anzusehen, sondern auch sehr energieeffizient und helfen dabei, die Wärme gleichmäßig im Inneren zu verteilen.</span></p>",Wellnez,,"","allesaunas, außenbereich, Fasssauna, traditionelle",true,Title,Default Title,,,,,"",0.0,shopify,10,deny,manual,4799.00,,true,true,"",https://cdn.shopify.com/s/files/1/0730/5530/6062/files/Hed630517ca0c42629836fab45594c6261.png_960x960_1.webp?v=1682773247,1,,false,,,,,,,,,,,,,,,kg,,,true,true,,,true,,,active
wellnez-turku-fasssauna,,,,,,,,,,,,,,,,,,,,,,,,,https://cdn.shopify.com/s/files/1/0730/5530/6062/files/Screenshot2023-7.webp?v=1682773247,2,,,,,,,,,,,,,,,,,,,,,,,,,,,
wellnez-espoo-wurfelsauna,Wellnez Espoo Würfelsauna,"<h2>
<span>Wellnez Espoo Fasssauna</span><span><br></span>
</h2>
<p><span>Genießen Sie ein authentisches Saunaerlebnis mit unserer Wellnez Pori Fasssauna! Diese Sauna wurde in Finnland handgefertigt und bietet Platz für bis zu fünf Personen. Mit ihrer natürlichen Holzoptik fügt sie sich perfekt in jede Umgebung ein und sorgt für eine gemütliche Atmosphäre. Dank der einfachen Montage und des kompakten Designs kann die Sauna problemlos in Ihrem Garten oder auf Ihrem Grundstück aufgestellt werden. Erleben Sie die Wärme und Entspannung, die nur eine echte finnische Sauna bieten kann, direkt bei Ihnen zu Hause!</span></p>
<p> </p>
<h3><span>Entspannung pur!</span></h3>
<p><span>Unsere Wellnez Pori Fasssauna sorgt für Entspannung auf natürliche Weise. Es enthält eine Holz-Kopfstütze, eine Wiege und eine Rückenlehne, damit Sie bequem sitzen können. Auf Holzbänken sitzend können Sie die Gesellschaft von Freunden und Familie in einem Saunaraum mit weichem Licht und dem aromatischen Duft von Zeder genießen. Unsere Saunen bieten den Badenden eine authentische und entspannende Sauna-Erfahrung. Ein Handtuchhalter (im Lieferumfang enthalten) ist ein großartiger Ort, um Handtücher zum Trocknen und Abkühlen zwischen den Runden aufzubewahren.</span></p>
<p><img alt="""" src=""https://cdn.shopify.com/s/files/1/0730/5530/6062/files/H06d85d6f8cbf7683355c7f2e27Y_480x480.webp?v=1683030910""></p>
<p> </p>
<h3><span>Traditionelles Design</span></h3>
<p><span>Unsere Pori Sauna hat ein traditionelles Design, das in seiner eleganten Einfachheit seine klassische Schönheit zeigt. Wir verwenden dafür Holzdauben mit einer Zunge-und-Nut-Verbindung, die durch Edelstahlbänder und Befestigungen zusammengehalten werden. Dadurch können sich die Holzdauben natürlich ausdehnen und zusammenziehen und eine Abdichtung bilden. Die Sauna-Einheit sitzt auf Polymer-Unterstützungen (die im Lieferumfang enthalten sind), um sie vom Boden fernzuhalten. Unsere skandinavischen Barrel-Saunen sind nicht nur schön anzusehen, sondern auch sehr energieeffizient und helfen dabei, die Wärme gleichmäßig im Inneren zu verteilen.</span></p>
<p><img alt="""" src=""https://cdn.shopify.com/s/files/1/0730/5530/6062/files/He3dad6adda1f96da1f212_480x480.webp?v=1683030945""></p>",Wellnez,,"","allesaunas, außenbereich, bestseller, Fasssauna, traditionelle",true,Größe,170 cm L x 140 cm B,,,,,"",0.0,shopify,5,deny,manual,4800.00,,true,true,"",https://cdn.shopify.com/s/files/1/0730/5530/6062/files/H6ed647c9bf.jpg_960x960_0da626c5-d130-4fc1-b1c6-ae7300045322.webp?v=1682770769,1,,false,,,,,,,,,,,,,,,kg,,,true,true,,,true,,,active
wellnez-espoo-wurfelsauna,,,,,,,,,190 cm L x 150 cm B,,,,,"",0.0,shopify,5,deny,manual,5700.00,,true,true,"",https://cdn.shopify.com/s/files/1/0730/5530/6062/files/e.png_960x960_d54f8d29-4883-4839-97d4-d01c36ed8d54.webp?v=1682770769,2,,,,,,,,,,,,,,,,,kg,,,,,,,,,,
wellnez-espoo-wurfelsauna,,,,,,,,,,,,,,,,,,,,,,,,,https://cdn.shopify.com/s/files/1/0730/5530/6062/files/png_960x960_9980e38d-88f1-449b-a684-f1ddab596c61.webp?v=1682770769,3,,,,,,,,,,,,,,,,,,,,,,,,,,,
wellnez-infra-fasssauna,Wellnez Infra Fasssauna,"<h2>
<span>Wellnez Infra Fasssauna</span><span><br></span>
</h2>
<p><span>Genießen Sie ein authentisches Saunaerlebnis mit unserer Wellnez Pori Fasssauna! Diese Sauna wurde in Finnland handgefertigt und bietet Platz für bis zu fünf Personen. Mit ihrer natürlichen Holzoptik fügt sie sich perfekt in jede Umgebung ein und sorgt für eine gemütliche Atmosphäre. Dank der einfachen Montage und des kompakten Designs kann die Sauna problemlos in Ihrem Garten oder auf Ihrem Grundstück aufgestellt werden. Erleben Sie die Wärme und Entspannung, die nur eine echte finnische Sauna bieten kann, direkt bei Ihnen zu Hause!</span></p>
<p> </p>
<h3><span>Entspannung pur!</span></h3>
<p><span>Unsere Wellnez Pori Fasssauna sorgt für Entspannung auf natürliche Weise. Es enthält eine Holz-Kopfstütze, eine Wiege und eine Rückenlehne, damit Sie bequem sitzen können. Auf Holzbänken sitzend können Sie die Gesellschaft von Freunden und Familie in einem Saunaraum mit weichem Licht und dem aromatischen Duft von Zeder genießen. Unsere Saunen bieten den Badenden eine authentische und entspannende Sauna-Erfahrung. Ein Handtuchhalter (im Lieferumfang enthalten) ist ein großartiger Ort, um Handtücher zum Trocknen und Abkühlen zwischen den Runden aufzubewahren.<img src=""https://cdn.shopify.com/s/files/1/0730/5530/6062/files/Hd564cc74257e43358a5a55a761b400_480x480.webp?v=1683032492"" alt="""" data-mce-fragment=""1"" data-mce-src=""https://cdn.shopify.com/s/files/1/0730/5530/6062/files/Hd564cc74257e43358a5a55a761b400_480x480.webp?v=1683032492""></span></p>
<p> </p>
<h3><span>Traditionelles Design</span></h3>
<p><span>Unsere Pori Sauna hat ein traditionelles Design, das in seiner eleganten Einfachheit seine klassische Schönheit zeigt. Wir verwenden dafür Holzdauben mit einer Zunge-und-Nut-Verbindung, die durch Edelstahlbänder und Befestigungen zusammengehalten werden. Dadurch können sich die Holzdauben natürlich ausdehnen und zusammenziehen und eine Abdichtung bilden. Die Sauna-Einheit sitzt auf Polymer-Unterstützungen (die im Lieferumfang enthalten sind), um sie vom Boden fernzuhalten. Unsere skandinavischen Barrel-Saunen sind nicht nur schön anzusehen, sondern auch sehr energieeffizient und helfen dabei, die Wärme gleichmäßig im Inneren zu verteilen.</span></p>
<p><span><img alt="""" src=""https://cdn.shopify.com/s/files/1/0730/5530/6062/files/Hc788dda0652c41ea9d6127786bdf3z_480x480.webp?v=1683032547""></span></p>",Wellnez,,"","allesaunas, außenbereich, bestseller, Fasssauna, infrarotsauna",true,Title,Default Title,,,,,"",0.0,shopify,0,deny,manual,3520.00,3799.00,true,true,"",https://cdn.shopify.com/s/files/1/0730/5530/6062/files/H56ec0d873e38429e6fa.png_960x960_f6c97ad0-4500-4176-a028-062053c956c0.webp?v=1682775209,1,,false,,,,,,,,,,,,,,,kg,,,true,true,,,true,,,active
wellnez-infra-fasssauna,,,,,,,,,,,,,,,,,,,,,,,,,https://cdn.shopify.com/s/files/1/0730/5530/6062/files/Screenshot-291531460000.webp?v=1682775209,2,,,,,,,,,,,,,,,,,,,,,,,,,,,
wellnez-vantaa-saunahutte,Wellnez Vantaa Saunahütte,"<h2>
<span>Wellnez Vantaa Saunahütte</span><span><br></span>
</h2>
<p><span>Genießen Sie ein authentisches Saunaerlebnis mit unserer Wellnez Pori Fasssauna! Diese Sauna wurde in Finnland handgefertigt und bietet Platz für bis zu fünf Personen. Mit ihrer natürlichen Holzoptik fügt sie sich perfekt in jede Umgebung ein und sorgt für eine gemütliche Atmosphäre. Dank der einfachen Montage und des kompakten Designs kann die Sauna problemlos in Ihrem Garten oder auf Ihrem Grundstück aufgestellt werden. Erleben Sie die Wärme und Entspannung, die nur eine echte finnische Sauna bieten kann, direkt bei Ihnen zu Hause!</span></p>
<p> </p>
<h3><span>Entspannung pur!</span></h3>
<p><span>Unsere Wellnez Pori Fasssauna sorgt für Entspannung auf natürliche Weise. Es enthält eine Holz-Kopfstütze, eine Wiege und eine Rückenlehne, damit Sie bequem sitzen können. Auf Holzbänken sitzend können Sie die Gesellschaft von Freunden und Familie in einem Saunaraum mit weichem Licht und dem aromatischen Duft von Zeder genießen. Unsere Saunen bieten den Badenden eine authentische und entspannende Sauna-Erfahrung. Ein Handtuchhalter (im Lieferumfang enthalten) ist ein großartiger Ort, um Handtücher zum Trocknen und Abkühlen zwischen den Runden aufzubewahren.</span></p>
<p> </p>
<h3><span>Traditionelles Design</span></h3>
<p><span>Unsere Pori Sauna hat ein traditionelles Design, das in seiner eleganten Einfachheit seine klassische Schönheit zeigt. Wir verwenden dafür Holzdauben mit einer Zunge-und-Nut-Verbindung, die durch Edelstahlbänder und Befestigungen zusammengehalten werden. Dadurch können sich die Holzdauben natürlich ausdehnen und zusammenziehen und eine Abdichtung bilden. Die Sauna-Einheit sitzt auf Polymer-Unterstützungen (die im Lieferumfang enthalten sind), um sie vom Boden fernzuhalten. Unsere skandinavischen Barrel-Saunen sind nicht nur schön anzusehen, sondern auch sehr energieeffizient und helfen dabei, die Wärme gleichmäßig im Inneren zu verteilen.</span></p>",Wellnez.de,,"","allesaunas, außenbereich, traditionelle",true,Title,Default Title,,,,,"",0.0,shopify,0,deny,manual,4000.00,4400.00,true,true,"",https://cdn.shopify.com/s/files/1/0730/5530/6062/files/Hef64d32a6e3b725da.jpg_960x960_d16758b5-f47a-4a68-9b79-27d29aeaca61.webp?v=1682784534,1,,false,,,,,,,,,,,,,,,kg,,,true,true,,,true,,,active
wellnez-vantaa-saunahutte,,,,,,,,,,,,,,,,,,,,,,,,,https://cdn.shopify.com/s/files/1/0730/5530/6062/files/Hf6e7d67f67a2465c0h.jpg_960x960_ee39a98b-c786-49fb-bf6b-6113660e5e00.webp?v=1682784534,2,,,,,,,,,,,,,,,,,,,,,,,,,,,
wellnez-rauma-luxussauna,Wellnez Rauma Luxussauna,"<h2>
<span>Wellnez Rauma Luxussauna</span><span><br></span>
</h2>
<p><span>Genießen Sie ein authentisches Saunaerlebnis mit unserer Wellnez Pori Fasssauna! Diese Sauna wurde in Finnland handgefertigt und bietet Platz für bis zu fünf Personen. Mit ihrer natürlichen Holzoptik fügt sie sich perfekt in jede Umgebung ein und sorgt für eine gemütliche Atmosphäre. Dank der einfachen Montage und des kompakten Designs kann die Sauna problemlos in Ihrem Garten oder auf Ihrem Grundstück aufgestellt werden. Erleben Sie die Wärme und Entspannung, die nur eine echte finnische Sauna bieten kann, direkt bei Ihnen zu Hause!</span></p>
<p> </p>
<h3><span>Entspannung pur!</span></h3>
<p><span>Unsere Wellnez Pori Fasssauna sorgt für Entspannung auf natürliche Weise. Es enthält eine Holz-Kopfstütze, eine Wiege und eine Rückenlehne, damit Sie bequem sitzen können. Auf Holzbänken sitzend können Sie die Gesellschaft von Freunden und Familie in einem Saunaraum mit weichem Licht und dem aromatischen Duft von Zeder genießen. Unsere Saunen bieten den Badenden eine authentische und entspannende Sauna-Erfahrung. Ein Handtuchhalter (im Lieferumfang enthalten) ist ein großartiger Ort, um Handtücher zum Trocknen und Abkühlen zwischen den Runden aufzubewahren.</span></p>
<p> </p>
<h3><span>Traditionelles Design</span></h3>
<p><span>Unsere Pori Sauna hat ein traditionelles Design, das in seiner eleganten Einfachheit seine klassische Schönheit zeigt. Wir verwenden dafür Holzdauben mit einer Zunge-und-Nut-Verbindung, die durch Edelstahlbänder und Befestigungen zusammengehalten werden. Dadurch können sich die Holzdauben natürlich ausdehnen und zusammenziehen und eine Abdichtung bilden. Die Sauna-Einheit sitzt auf Polymer-Unterstützungen (die im Lieferumfang enthalten sind), um sie vom Boden fernzuhalten. Unsere skandinavischen Barrel-Saunen sind nicht nur schön anzusehen, sondern auch sehr energieeffizient und helfen dabei, die Wärme gleichmäßig im Inneren zu verteilen.</span></p>",Wellnez.de,,"","allesaunas, außenbereich, bestseller, traditionelle",true,Title,Default Title,,,,,"",0.0,shopify,0,deny,manual,8999.00,,true,true,"",https://cdn.shopify.com/s/files/1/0730/5530/6062/files/H29c79031e870f4c40d44a962do.webp?v=1682785914,1,,false,,,,,,,,,,,,,,,kg,,,true,true,,,true,,,active
wellnez-rauma-luxussauna,,,,,,,,,,,,,,,,,,,,,,,,,https://cdn.shopify.com/s/files/1/0730/5530/6062/files/Hf3711e24abc8ac236x.jpg_960x960_2e9e7feb-6129-45e9-ab8e-a93782d4b81c.webp?v=1682785914,2,,,,,,,,,,,,,,,,,,,,,,,,,,,
wellnez-tampere-indoor-sauna,Wellnez Tampere Indoor Sauna,"<h2>
<span>Wellnez Tampere Indoor Sauna</span><span><br></span>
</h2>
<p><span>Genießen Sie ein authentisches Saunaerlebnis mit unserer Wellnez Pori Fasssauna! Diese Sauna wurde in Finnland handgefertigt und bietet Platz für bis zu fünf Personen. Mit ihrer natürlichen Holzoptik fügt sie sich perfekt in jede Umgebung ein und sorgt für eine gemütliche Atmosphäre. Dank der einfachen Montage und des kompakten Designs kann die Sauna problemlos in Ihrem Garten oder auf Ihrem Grundstück aufgestellt werden. Erleben Sie die Wärme und Entspannung, die nur eine echte finnische Sauna bieten kann, direkt bei Ihnen zu Hause!</span></p>
<p> </p>
<h3><span>Entspannung pur!</span></h3>
<p><span>Unsere Wellnez Pori Fasssauna sorgt für Entspannung auf natürliche Weise. Es enthält eine Holz-Kopfstütze, eine Wiege und eine Rückenlehne, damit Sie bequem sitzen können. Auf Holzbänken sitzend können Sie die Gesellschaft von Freunden und Familie in einem Saunaraum mit weichem Licht und dem aromatischen Duft von Zeder genießen. Unsere Saunen bieten den Badenden eine authentische und entspannende Sauna-Erfahrung. Ein Handtuchhalter (im Lieferumfang enthalten) ist ein großartiger Ort, um Handtücher zum Trocknen und Abkühlen zwischen den Runden aufzubewahren.</span></p>
<p><span><img src=""https://cdn.shopify.com/s/files/1/0730/5530/6062/files/H1e0a7d45944b64a74b2566a192d6f5V_480x480.webp?v=1683032651"" alt="""" data-mce-src=""https://cdn.shopify.com/s/files/1/0730/5530/6062/files/H1e0a7d45944b64a74b2566a192d6f5V_480x480.webp?v=1683032651""></span></p>
<p> </p>
<h3><span>Traditionelles Design</span></h3>
<p><span>Unsere Pori Sauna hat ein traditionelles Design, das in seiner eleganten Einfachheit seine klassische Schönheit zeigt. Wir verwenden dafür Holzdauben mit einer Zunge-und-Nut-Verbindung, die durch Edelstahlbänder und Befestigungen zusammengehalten werden. Dadurch können sich die Holzdauben natürlich ausdehnen und zusammenziehen und eine Abdichtung bilden. Die Sauna-Einheit sitzt auf Polymer-Unterstützungen (die im Lieferumfang enthalten sind), um sie vom Boden fernzuhalten. Unsere skandinavischen Barrel-Saunen sind nicht nur schön anzusehen, sondern auch sehr energieeffizient und helfen dabei, die Wärme gleichmäßig im Inneren zu verteilen.</span></p>",Wellnez.de,,"","allesaunas, indoor, traditionelle",true,Title,Default Title,,,,,"",0.0,shopify,4,deny,manual,2950.00,,true,true,"",https://cdn.shopify.com/s/files/1/0730/5530/6062/files/H5f4ec1d317a8e40b6f.jpg_960x960_b40ab923-560c-4c59-b51b-a949e2326d58.webp?v=1682931912,1,,false,,,,,,,,,,,,,,,kg,,,true,true,,,true,,,active
wellnez-hanko-indoor-sauna,Wellnez Hanko Indoor Sauna,"<h2>
<span>Wellnez Hanko Indoor Sauna</span><span><br></span>
</h2>
<p><span>Genießen Sie ein authentisches Saunaerlebnis mit unserer Wellnez Pori Fasssauna! Diese Sauna wurde in Finnland handgefertigt und bietet Platz für bis zu fünf Personen. Mit ihrer natürlichen Holzoptik fügt sie sich perfekt in jede Umgebung ein und sorgt für eine gemütliche Atmosphäre. Dank der einfachen Montage und des kompakten Designs kann die Sauna problemlos in Ihrem Garten oder auf Ihrem Grundstück aufgestellt werden. Erleben Sie die Wärme und Entspannung, die nur eine echte finnische Sauna bieten kann, direkt bei Ihnen zu Hause!</span></p>
<p> </p>
<h3><span>Entspannung pur!</span></h3>
<p><span>Unsere Wellnez Pori Fasssauna sorgt für Entspannung auf natürliche Weise. Es enthält eine Holz-Kopfstütze, eine Wiege und eine Rückenlehne, damit Sie bequem sitzen können. Auf Holzbänken sitzend können Sie die Gesellschaft von Freunden und Familie in einem Saunaraum mit weichem Licht und dem aromatischen Duft von Zeder genießen. Unsere Saunen bieten den Badenden eine authentische und entspannende Sauna-Erfahrung. Ein Handtuchhalter (im Lieferumfang enthalten) ist ein großartiger Ort, um Handtücher zum Trocknen und Abkühlen zwischen den Runden aufzubewahren.</span></p>
<p><span><img alt="""" src=""https://cdn.shopify.com/s/files/1/0730/5530/6062/files/H1e0a7d45944b64a74b2566a192d6f5V_480x480.webp?v=1683032651""></span></p>
<p> </p>
<h3><span>Traditionelles Design</span></h3>
<p><span>Unsere Pori Sauna hat ein traditionelles Design, das in seiner eleganten Einfachheit seine klassische Schönheit zeigt. Wir verwenden dafür Holzdauben mit einer Zunge-und-Nut-Verbindung, die durch Edelstahlbänder und Befestigungen zusammengehalten werden. Dadurch können sich die Holzdauben natürlich ausdehnen und zusammenziehen und eine Abdichtung bilden. Die Sauna-Einheit sitzt auf Polymer-Unterstützungen (die im Lieferumfang enthalten sind), um sie vom Boden fernzuhalten. Unsere skandinavischen Barrel-Saunen sind nicht nur schön anzusehen, sondern auch sehr energieeffizient und helfen dabei, die Wärme gleichmäßig im Inneren zu verteilen.</span></p>",Wellnez.de,,"","allesaunas, indoor, traditionelle",true,Title,Default Title,,,,,"",0.0,shopify,0,deny,manual,3000.00,3100.00,true,true,"",https://cdn.shopify.com/s/files/1/0730/5530/6062/files/H453e55c123eefd1450cO.jpg_960x960_727b102e-1004-4cba-ac05-4c1ab1db63a6.webp?v=1682932043,1,,false,,,,,,,,,,,,,,,kg,,,true,true,,,true,,,active
sauna-zubehor-eimer-kelle,Sauna Zubehör Eimer + Kelle,"",Wellnez.de,,"",zubehör,true,Title,Default Title,,,,,"",0.0,shopify,3,deny,manual,29.90,35.99,true,true,"",https://cdn.shopify.com/s/files/1/0730/5530/6062/files/H5496a878a0dc452883536b311405c0I.jpg_960x960_84abd9f2-40a3-4fb3-a06a-6926b2c9facd.webp?v=1683014182,1,,false,,,,,,,,,,,,,,,kg,,,true,true,,,true,,,active
